case_id,contrast,group,reference,macro_level_dice,binary_dice,dice_C2,dice_C3,dice_C4,dice_C5,dice_C6,dice_C7,dice_C8,dice_T1,n_levels_in_union,gt_foreground_voxels,pred_foreground_voxels,gt_levels,pred_levels,max_affine_error
sub-002_ses-headNormal_000,T2w,T2w,sub-002_ses-headNormal_000.nii.gz,0.7245166926079523,0.7378116173400466,0.7597883597883598,0.7792378449408672,0.631083202511774,0.7875555555555556,0.7609649122807017,0.7573149741824441,0.7259658580413297,0.594222833562586,8,4974,3169,C2;C3;C4;C5;C6;C7;C8;T1,C2;C3;C4;C5;C6;C7;C8;T1,5.960464477539063e-08
sub-003_ses-headNormal_002,T2w,T2w,sub-003_ses-headNormal_002.nii.gz,0.6787754673005928,0.6889859291606016,0.6847826086956522,0.7519893899204244,0.626984126984127,0.6103038309114928,0.6912691269126913,0.7733990147783252,0.6128722382324687,0.6786034019695614,8,4949,3295,C2;C3;C4;C5;C6;C7;C8;T1,C2;C3;C4;C5;C6;C7;C8;T1,5.960464477539063e-08
sub-003_ses-headUp_003,T2w,T2w,sub-003_ses-headUp_003.nii.gz,0.6483799746503551,0.6536482939632546,0.5882352941176471,0.6697368421052632,0.6459854014598541,0.704225352112676,0.6525198938992043,0.7207465900933238,0.6190735694822889,0.5865168539325842,8,5919,3606,C2;C3;C4;C5;C6;C7;C8;T1,C2;C3;C4;C5;C6;C7;C8;T1,5.960464477539063e-08
sub-004_ses-headNormal_004,T2w,T2w,sub-004_ses-headNormal_004.nii.gz,0.6816476865110208,0.6862745098039216,0.6855345911949685,0.7012987012987013,0.6474127557160048,0.6825174825174826,0.6138032305433186,0.7490909090909091,0.6976744186046512,0.6758494031221304,8,4519,2927,C2;C3;C4;C5;C6;C7;C8;T1,C2;C3;C4;C5;C6;C7;C8;T1,2.250803710079907e-16
sub-005_ses-headNormal_006,T2w,T2w,sub-005_ses-headNormal_006.nii.gz,0.6712760958273506,0.6758428434532625,0.6748698532891624,0.6976744186046512,0.595460614152203,0.6555066079295154,0.7286559594251902,0.6589928057553956,0.69875,0.6602985074626866,8,6932,4547,C2;C3;C4;C5;C6;C7;C8;T1,C2;C3;C4;C5;C6;C7;C8;T1,5.960464477539063e-08
sub-005_ses-headUp_007,T2w,T2w,sub-005_ses-headUp_007.nii.gz,0.6380907874006677,0.6524629282427135,0.67124227865477,0.7101648351648352,0.7480916030534351,0.5220729366602687,0.5597579425113465,0.684654300168634,0.6290322580645161,0.5797101449275363,8,3741,2126,C2;C3;C4;C5;C6;C7;C8;T1,C2;C3;C4;C5;C6;C7;C8;T1,5.960464477539063e-08
sub-007_ses-headUp_010,T2w,T2w,sub-007_ses-headUp_010.nii.gz,0.7107470796297257,0.7199854914762422,0.7439153439153439,0.7402501839587933,0.682741116751269,0.6576687116564417,0.7316666666666667,0.7111853088480802,0.72556684910086,0.6929824561403509,8,6406,4622,C2;C3;C4;C5;C6;C7;C8;T1,C2;C3;C4;C5;C6;C7;C8;T1,9.69276742202041e-17
sub-010_ses-headNormal_014,T2w,T2w,sub-010_ses-headNormal_014.nii.gz,0.7170313268391825,0.7460126178492946,0.8050052137643379,0.8026666666666666,0.7510348905972797,0.7570093457943925,0.7166666666666667,0.6973310618966496,0.5930232558139535,0.6135135135135135,8,8316,5791,C2;C3;C4;C5;C6;C7;C8;T1,C2;C3;C4;C5;C6;C7;C8;T1,5.960464477539063e-08
sub-011_ses-headNormal_016,T2w,T2w,sub-011_ses-headNormal_016.nii.gz,0.7393024840491578,0.7455681487939553,0.7717553455992043,0.7592240395587676,0.755765819041987,0.7195059186824498,0.7667009249743063,0.7543745949449125,0.6859623733719248,0.7011308562197092,8,7988,5776,C2;C3;C4;C5;C6;C7;C8;T1,C2;C3;C4;C5;C6;C7;C8;T1,2.645453300864631e-16
sub-011_ses-headUp_017,T2w,T2w,sub-011_ses-headUp_017.nii.gz,0.758234779030984,0.7724477244772447,0.7837028160575195,0.8095712861415753,0.7878077373974208,0.8021911138161899,0.7804090419806243,0.7109589041095891,0.6897196261682244,0.7015177065767285,8,7527,5481,C2;C3;C4;C5;C6;C7;C8;T1,C2;C3;C4;C5;C6;C7;C8;T1,6.158268339717665e-17
sub-amu01_064,T2w,T2w,sub-amu01_064.nii.gz,0.7423060376995252,0.7615943845575333,0.7479674796747967,0.7561374795417348,0.5507246376811594,0.7936507936507936,0.7804878048780488,0.7241962774957699,0.8144927536231884,0.77079107505071,8,2379,1610,C2;C3;C4;C5;C6;C7;C8;T1,C2;C3;C4;C5;C6;C7;C8;T1,0.0
sub-amu05_216,T2w,T2w,sub-amu05_216.nii.gz,0.7596785283650791,0.771267792121814,0.7961538461538461,0.867862969004894,0.7632850241545893,0.6813186813186813,0.8266666666666667,0.7073791348600509,0.73,0.7047619047619048,8,1803,1218,C2;C3;C4;C5;C6;C7;C8;T1,C2;C3;C4;C5;C6;C7;C8;T1,0.0
sub-balgrist01_218,T2w,T2w,sub-balgrist01_218.nii.gz,0.8120779852031897,0.8265494912118408,0.7640918580375783,0.8541666666666666,0.8818897637795275,0.750733137829912,0.9,0.8428571428571429,0.8292011019283747,0.6736842105263158,8,2475,1849,C2;C3;C4;C5;C6;C7;C8;T1,C2;C3;C4;C5;C6;C7;C8;T1,5.960464477539063e-08
sub-balgrist02_084,T2w,T2w,sub-balgrist02_084.nii.gz,0.7901379613488198,0.7996210326859309,0.779467680608365,0.8056737588652483,0.7692307692307693,0.7112970711297071,0.8172043010752689,0.787363304981774,0.8564417177914111,0.794425087108014,8,2451,1771,C2;C3;C4;C5;C6;C7;C8;T1,C2;C3;C4;C5;C6;C7;C8;T1,0.0
sub-balgrist03_066,T2w,T2w,sub-balgrist03_066.nii.gz,0.791016351571804,0.7954059829059829,0.7664670658682635,0.8232118758434548,0.8092105263157895,0.75,0.8134715025906736,0.7674858223062382,0.7975460122699386,0.8007380073800738,8,2162,1582,C2;C3;C4;C5;C6;C7;C8;T1,C2;C3;C4;C5;C6;C7;C8;T1,0.0
sub-balgrist04_071,T2w,T2w,sub-balgrist04_071.nii.gz,0.7983092257016824,0.8020322990382871,0.832579185520362,0.8661800486618005,0.8333333333333334,0.8432267884322678,0.85,0.7381776239907728,0.7255172413793104,0.6974595842956121,8,3186,2325,C2;C3;C4;C5;C6;C7;C8;T1,C2;C3;C4;C5;C6;C7;C8;T1,3.3393426912553537e-17
sub-balgrist06_222,T2w,T2w,sub-balgrist06_222.nii.gz,0.7693909194251609,0.7749036873968079,0.7148760330578512,0.8253968253968254,0.8372093023255814,0.7744360902255639,0.7416173570019724,0.8085106382978723,0.7482352941176471,0.7048458149779736,8,2158,1476,C2;C3;C4;C5;C6;C7;C8;T1,C2;C3;C4;C5;C6;C7;C8;T1,0.0
sub-barcelona02_063,T2w,T2w,sub-barcelona02_063.nii.gz,0.783140101995256,0.7875192265436168,0.7227191413237924,0.8410372040586246,0.8405797101449275,0.7536231884057971,0.7758007117437722,0.7688442211055276,0.7648456057007126,0.7976710334788938,8,2635,1916,C2;C3;C4;C5;C6;C7;C8;T1,C2;C3;C4;C5;C6;C7;C8;T1,0.0
sub-barcelona03_074,T2w,T2w,sub-barcelona03_074.nii.gz,0.7651927287415772,0.7815110451085948,0.7571428571428571,0.7874865156418555,0.7232876712328767,0.6666666666666666,0.7932203389830509,0.8089887640449438,0.8311258278145696,0.7536231884057971,8,3143,2244,C2;C3;C4;C5;C6;C7;C8;T1,C2;C3;C4;C5;C6;C7;C8;T1,0.0
sub-barcelona06_214,T2w,T2w,sub-barcelona06_214.nii.gz,0.7938580845240264,0.8081936685288641,0.7837837837837838,0.8184523809523809,0.7883817427385892,0.8121546961325967,0.8687898089171975,0.8071519795657727,0.7892234548335975,0.6829268292682927,8,2771,2062,C2;C3;C4;C5;C6;C7;C8;T1,C2;C3;C4;C5;C6;C7;C8;T1,0.0
sub-brnoUhb01_085,T2w,T2w,sub-brnoUhb01_085.nii.gz,0.788312696168337,0.7981744421906694,0.8178913738019169,0.8478444632290786,0.7874331550802139,0.8039579468150897,0.8552245069240453,0.7457081545064378,0.7671232876712328,0.6813186813186813,8,7881,5923,C2;C3;C4;C5;C6;C7;C8;T1,C2;C3;C4;C5;C6;C7;C8;T1,2.9802322387695312e-08
sub-cardiff02_182,T2w,T2w,sub-cardiff02_182.nii.gz,0.7748194310613243,0.7932148626817448,0.71875,0.8466076696165191,0.7846153846153846,0.6996466431095406,0.8156424581005587,0.8395802098950524,0.8457538994800693,0.6479591836734694,8,2181,1533,C2;C3;C4;C5;C6;C7;C8;T1,C2;C3;C4;C5;C6;C7;C8;T1,3.725290298461914e-09
sub-cardiff04_172,T2w,T2w,sub-cardiff04_172.nii.gz,0.7865148210416871,0.8048279404211608,0.8309037900874635,0.8396946564885496,0.8,0.8379446640316206,0.8353909465020576,0.7183908045977011,0.7164179104477612,0.7133757961783439,8,2219,1675,C2;C3;C4;C5;C6;C7;C8;T1,C2;C3;C4;C5;C6;C7;C8;T1,5.960464477539063e-08
sub-cmrra02_140,T2w,T2w,sub-cmrra02_140.nii.gz,0.8025705763301305,0.8177191328934967,0.8211678832116789,0.8478764478764479,0.824773413897281,0.865265760197775,0.8050713153724247,0.7651515151515151,0.8102766798418972,0.6809815950920245,8,3051,2254,C2;C3;C4;C5;C6;C7;C8;T1,C2;C3;C4;C5;C6;C7;C8;T1,9.313225746154785e-10
sub-cmrra04_158,T2w,T2w,sub-cmrra04_158.nii.gz,0.7430280309782726,0.7738255033557047,0.7696793002915452,0.8388625592417062,0.6551724137931034,0.6404494382022472,0.7680890538033395,0.8140703517587939,0.8237547892720306,0.6341463414634146,8,1764,1216,C2;C3;C4;C5;C6;C7;C8;T1,C2;C3;C4;C5;C6;C7;C8;T1,1.862645149230957e-09
sub-geneva01_253,T2w,T2w,sub-geneva01_253.nii.gz,0.7968474393547711,0.8131647601846277,0.8638412984670875,0.835920177383592,0.7389380530973452,0.7670454545454546,0.8076358296622613,0.851520572450805,0.7951807228915663,0.7146974063400576,8,2870,2113,C2;C3;C4;C5;C6;C7;C8;T1,C2;C3;C4;C5;C6;C7;C8;T1,5.960464477539063e-08
sub-mgh01_301,T2w,T2w,sub-mgh01_301.nii.gz,0.7285410029343335,0.8147406368916483,0.7786885245901639,0.8277310924369747,0.8153310104529616,0.8654970760233918,0.8516129032258064,0.8760563380281691,0.8134110787172012,0.0,8,2738,2255,C2;C3;C4;C5;C6;C7;C8,C2;C3;C4;C5;C6;C7;C8;T1,5.960464477539063e-08
sub-mgh02_302,T2w,T2w,sub-mgh02_302.nii.gz,0.7760085690747339,0.7797599740512487,0.7632508833922261,0.8143712574850299,0.7798408488063661,0.8037825059101655,0.7989556135770235,0.7516778523489933,0.775,0.7211895910780669,8,1813,1270,C2;C3;C4;C5;C6;C7;C8;T1,C2;C3;C4;C5;C6;C7;C8;T1,5.960464477539063e-08
sub-stanford02_303,T2w,T2w,sub-stanford02_303.nii.gz,0.7938289666319325,0.7973148549155479,0.8317152103559871,0.7861635220125787,0.7817047817047817,0.8340425531914893,0.8089887640449438,0.8020833333333334,0.7572156196943973,0.7487179487179487,8,2688,1930,C2;C3;C4;C5;C6;C7;C8;T1,C2;C3;C4;C5;C6;C7;C8;T1,0.0
sub-stanford05_304,T2w,T2w,sub-stanford05_304.nii.gz,0.8143309492775879,0.8186652942185624,0.8371501272264631,0.862475442043222,0.7701317715959004,0.8297872340425532,0.8025078369905956,0.7988338192419825,0.8250289687137891,0.7887323943661971,8,3340,2489,C2;C3;C4;C5;C6;C7;C8;T1,C2;C3;C4;C5;C6;C7;C8;T1,5.960464477539063e-08
sub-ucdavis03_305,T2w,T2w,sub-ucdavis03_305.nii.gz,0.8283736288642798,0.8291150288008379,0.87,0.8391224862888482,0.845679012345679,0.8486562942008486,0.8198074277854195,0.8198307134220073,0.8343711083437111,0.7495219885277247,8,3224,2505,C2;C3;C4;C5;C6;C7;C8;T1,C2;C3;C4;C5;C6;C7;C8;T1,3.725290298461914e-09
sub-18_inv-1_part-mag_MP2RAGE,inv-1_part-mag_MP2RAGE,INV1,sub-18_inv-1_part-mag_MP2RAGE.nii.gz,0.8464365396877388,0.8466483011937558,0.8907563025210085,0.8327974276527331,0.774390243902439,0.8005865102639296,0.8285322359396433,0.9097651421508035,0.8703898840885143,0.8642745709828393,8,2747,2698,C2;C3;C4;C5;C6;C7;C8;T1,C2;C3;C4;C5;C6;C7;C8;T1,5.960464477539063e-08
sub-18_inv-2_part-mag_MP2RAGE,inv-2_part-mag_MP2RAGE,INV2,sub-18_inv-2_part-mag_MP2RAGE.nii.gz,0.8390091899635161,0.8391812865497076,0.8760806916426513,0.8125,0.8141321044546851,0.7942857142857143,0.8276797829036635,0.8975609756097561,0.8562367864693446,0.8335974643423137,8,2747,2725,C2;C3;C4;C5;C6;C7;C8;T1,C2;C3;C4;C5;C6;C7;C8;T1,5.960464477539063e-08
sub-18_UNIT1,UNIT1,UNIT1,sub-18_UNIT1.nii.gz,0.8480225707011475,0.847970479704797,0.8977272727272727,0.8360128617363344,0.7863777089783281,0.8052708638360175,0.8265582655826558,0.9062119366626066,0.8739316239316239,0.8520900321543409,8,2747,2673,C2;C3;C4;C5;C6;C7;C8;T1,C2;C3;C4;C5;C6;C7;C8;T1,5.960464477539063e-08
sub-19_inv-1_part-mag_MP2RAGE,inv-1_part-mag_MP2RAGE,INV1,sub-19_inv-1_part-mag_MP2RAGE.nii.gz,0.8280665360033335,0.8328900709219859,0.7818181818181819,0.8310679611650486,0.8288770053475936,0.8652931854199684,0.8792650918635171,0.8605341246290801,0.8562691131498471,0.7214076246334311,8,2265,2247,C2;C3;C4;C5;C6;C7;C8;T1,C2;C3;C4;C5;C6;C7;C8;T1,0.0
sub-19_inv-2_part-mag_MP2RAGE,inv-2_part-mag_MP2RAGE,INV2,sub-19_inv-2_part-mag_MP2RAGE.nii.gz,0.833621970672039,0.839385163733571,0.780952380952381,0.8464566929133859,0.8324324324324325,0.8945686900958466,0.8906048906048906,0.8630338733431517,0.8377125193199382,0.7232142857142857,8,2265,2224,C2;C3;C4;C5;C6;C7;C8;T1,C2;C3;C4;C5;C6;C7;C8;T1,0.0
sub-19_UNIT1,UNIT1,UNIT1,sub-19_UNIT1.nii.gz,0.835325042792358,0.8433628318584071,0.7601809954751131,0.837573385518591,0.8351063829787234,0.8969889064976229,0.895483870967742,0.8753709198813057,0.8610687022900764,0.7208271787296898,8,2265,2255,C2;C3;C4;C5;C6;C7;C8;T1,C2;C3;C4;C5;C6;C7;C8;T1,0.0
sub-20_inv-1_part-mag_MP2RAGE,inv-1_part-mag_MP2RAGE,INV1,sub-20_inv-1_part-mag_MP2RAGE.nii.gz,0.7734555730021451,0.7733281493001555,0.7371134020618557,0.7589158345221113,0.8122866894197952,0.7838676318510859,0.7895545314900153,0.8187633262260128,0.7563739376770539,0.7307692307692307,8,2641,2503,C2;C3;C4;C5;C6;C7;C8;T1,C2;C3;C4;C5;C6;C7;C8;T1,0.0
sub-20_inv-2_part-mag_MP2RAGE,inv-2_part-mag_MP2RAGE,INV2,sub-20_inv-2_part-mag_MP2RAGE.nii.gz,0.7939966155095892,0.7935395991438023,0.7806122448979592,0.7965367965367965,0.8131487889273357,0.8071278825995807,0.801762114537445,0.8308351177730193,0.7771428571428571,0.744807121661721,8,2641,2498,C2;C3;C4;C5;C6;C7;C8;T1,C2;C3;C4;C5;C6;C7;C8;T1,0.0
sub-20_UNIT1,UNIT1,UNIT1,sub-20_UNIT1.nii.gz,0.7826213528539722,0.7837678886492845,0.7335092348284961,0.7793696275071633,0.8082191780821918,0.7983281086729362,0.8118195956454122,0.8283261802575107,0.7714285714285715,0.7299703264094956,8,2641,2460,C2;C3;C4;C5;C6;C7;C8;T1,C2;C3;C4;C5;C6;C7;C8;T1,0.0
sub-22_inv-1_part-mag_MP2RAGE,inv-1_part-mag_MP2RAGE,INV1,sub-22_inv-1_part-mag_MP2RAGE.nii.gz,0.8484734178907268,0.8439910425478975,0.9137055837563451,0.8073878627968337,0.8376068376068376,0.8342059336823735,0.8739205526770294,0.8913738019169329,0.8205980066445183,0.8089887640449438,8,2035,1984,C2;C3;C4;C5;C6;C7;C8;T1,C2;C3;C4;C5;C6;C7;C8;T1,5.960464477539063e-08
sub-22_inv-2_part-mag_MP2RAGE,inv-2_part-mag_MP2RAGE,INV2,sub-22_inv-2_part-mag_MP2RAGE.nii.gz,0.8495214281834653,0.8381660470879801,0.934010152284264,0.856396866840731,0.8555240793201133,0.8261617900172117,0.87215411558669,0.8791208791208791,0.8156606851549756,0.7571428571428571,8,2035,2000,C2;C3;C4;C5;C6;C7;C8;T1,C2;C3;C4;C5;C6;C7;C8;T1,5.960464477539063e-08
sub-22_UNIT1,UNIT1,UNIT1,sub-22_UNIT1.nii.gz,0.8502534064357145,0.846441947565543,0.9137055837563451,0.8032345013477089,0.8376068376068376,0.8378378378378378,0.8732394366197183,0.8813008130081301,0.8374384236453202,0.8176638176638177,8,2035,1970,C2;C3;C4;C5;C6;C7;C8;T1,C2;C3;C4;C5;C6;C7;C8;T1,5.960464477539063e-08
sub-23_inv-1_part-mag_MP2RAGE,inv-1_part-mag_MP2RAGE,INV1,sub-23_inv-1_part-mag_MP2RAGE.nii.gz,0.8276239363640612,0.8244094488188977,0.825,0.893687707641196,0.8407079646017699,0.782258064516129,0.8105960264900662,0.804177545691906,0.8498402555910544,0.8147239263803681,8,2537,2543,C2;C3;C4;C5;C6;C7;C8;T1,C2;C3;C4;C5;C6;C7;C8;T1,7.450580596923828e-09
sub-23_inv-2_part-mag_MP2RAGE,inv-2_part-mag_MP2RAGE,INV2,sub-23_inv-2_part-mag_MP2RAGE.nii.gz,0.8533034640587727,0.8497409326424871,0.85625,0.891566265060241,0.8708971553610503,0.8428372739916551,0.8602150537634409,0.844559585492228,0.865040650406504,0.7950617283950617,8,2537,2481,C2;C3;C4;C5;C6;C7;C8;T1,C2;C3;C4;C5;C6;C7;C8;T1,7.450580596923828e-09
sub-23_UNIT1,UNIT1,UNIT1,sub-23_UNIT1.nii.gz,0.8394614327221491,0.8389142064592827,0.8198757763975155,0.8991452991452992,0.8269662921348314,0.8169398907103825,0.8556566970091027,0.8335517693315858,0.8680445151033387,0.7955112219451371,8,2537,2510,C2;C3;C4;C5;C6;C7;C8;T1,C2;C3;C4;C5;C6;C7;C8;T1,7.450580596923828e-09
sub-25_inv-1_part-mag_MP2RAGE,inv-1_part-mag_MP2RAGE,INV1,sub-25_inv-1_part-mag_MP2RAGE.nii.gz,0.8324715035108949,0.8368693171688358,0.7956043956043956,0.8306801736613604,0.8235294117647058,0.8261437908496732,0.8677792041078306,0.8686868686868687,0.8520461699895068,0.7953020134228188,8,2871,2738,C2;C3;C4;C5;C6;C7;C8;T1,C2;C3;C4;C5;C6;C7;C8;T1,0.0
sub-25_inv-2_part-mag_MP2RAGE,inv-2_part-mag_MP2RAGE,INV2,sub-25_inv-2_part-mag_MP2RAGE.nii.gz,0.8500560300152884,0.8530390611315467,0.8300220750551877,0.8792134831460674,0.8556876061120543,0.8456549935149157,0.8734491315136477,0.8654088050314466,0.8615384615384616,0.7894736842105263,8,2871,2838,C2;C3;C4;C5;C6;C7;C8;T1,C2;C3;C4;C5;C6;C7;C8;T1,0.0
sub-25_UNIT1,UNIT1,UNIT1,sub-25_UNIT1.nii.gz,0.8403179228753801,0.8423280423280424,0.8336933045356372,0.8640226628895185,0.826530612244898,0.8181818181818182,0.8560509554140128,0.8672566371681416,0.8508863399374348,0.805921052631579,8,2871,2799,C2;C3;C4;C5;C6;C7;C8;T1,C2;C3;C4;C5;C6;C7;C8;T1,0.0
sub-27_inv-1_part-mag_MP2RAGE,inv-1_part-mag_MP2RAGE,INV1,sub-27_inv-1_part-mag_MP2RAGE.nii.gz,0.8265625213838005,0.8301520543513426,0.7832512315270936,0.8022988505747126,0.7833981841763943,0.8560509554140128,0.8426294820717132,0.865315852205006,0.8943298969072165,0.7852257181942545,8,3107,3075,C2;C3;C4;C5;C6;C7;C8;T1,C2;C3;C4;C5;C6;C7;C8;T1,5.960464477539063e-08
sub-27_inv-2_part-mag_MP2RAGE,inv-2_part-mag_MP2RAGE,INV2,sub-27_inv-2_part-mag_MP2RAGE.nii.gz,0.8413729389123714,0.8443074927019137,0.8037825059101655,0.8300578034682081,0.8026315789473685,0.8792884371029225,0.8479355488418933,0.8681983071342201,0.889171974522293,0.8099173553719008,8,3107,3059,C2;C3;C4;C5;C6;C7;C8;T1,C2;C3;C4;C5;C6;C7;C8;T1,5.960464477539063e-08
sub-27_UNIT1,UNIT1,UNIT1,sub-27_UNIT1.nii.gz,0.8341968017271956,0.8382999511480215,0.7897435897435897,0.8088064889918888,0.7926988265971316,0.8713375796178344,0.8551448551448552,0.8712394705174489,0.9011553273427471,0.783448275862069,8,3107,3034,C2;C3;C4;C5;C6;C7;C8;T1,C2;C3;C4;C5;C6;C7;C8;T1,5.960464477539063e-08
sub-28_inv-1_part-mag_MP2RAGE,inv-1_part-mag_MP2RAGE,INV1,sub-28_inv-1_part-mag_MP2RAGE.nii.gz,0.8057522320128552,0.8190626853865929,0.653179190751445,0.8398950131233596,0.7962529274004684,0.7827426810477658,0.8560817084493965,0.8443843031123139,0.8333333333333334,0.8401486988847584,8,2560,2497,C2;C3;C4;C5;C6;C7;C8;T1,C2;C3;C4;C5;C6;C7;C8;T1,0.0
sub-28_inv-2_part-mag_MP2RAGE,inv-2_part-mag_MP2RAGE,INV2,sub-28_inv-2_part-mag_MP2RAGE.nii.gz,0.8108078323169213,0.821917808219178,0.688,0.8284960422163589,0.7923627684964201,0.7962962962962963,0.8531073446327684,0.8299319727891157,0.8464163822525598,0.8518518518518519,8,2560,2477,C2;C3;C4;C5;C6;C7;C8;T1,C2;C3;C4;C5;C6;C7;C8;T1,0.0
sub-28_UNIT1,UNIT1,UNIT1,sub-28_UNIT1.nii.gz,0.8067491555609914,0.820818434644418,0.6376811594202898,0.8443271767810027,0.786046511627907,0.7933130699088146,0.8550046772684752,0.8460471567267683,0.8365276211950394,0.8550458715596331,8,2560,2474,C2;C3;C4;C5;C6;C7;C8;T1,C2;C3;C4;C5;C6;C7;C8;T1,0.0
sub-29_inv-1_part-mag_MP2RAGE,inv-1_part-mag_MP2RAGE,INV1,sub-29_inv-1_part-mag_MP2RAGE.nii.gz,0.8509359274943145,0.8573711546144627,0.7768595041322314,0.8543046357615894,0.8300153139356815,0.8962264150943396,0.8673587081891581,0.8713826366559485,0.8865979381443299,0.8247422680412371,8,2560,2446,C2;C3;C4;C5;C6;C7;C8;T1,C2;C3;C4;C5;C6;C7;C8;T1,0.0
sub-29_inv-2_part-mag_MP2RAGE,inv-2_part-mag_MP2RAGE,INV2,sub-29_inv-2_part-mag_MP2RAGE.nii.gz,0.8594866629932101,0.8655227454110136,0.7948051948051948,0.8455008488964346,0.8567073170731707,0.901453957996769,0.870561282932417,0.889937106918239,0.8978007761966365,0.8191268191268192,8,2560,2452,C2;C3;C4;C5;C6;C7;C8;T1,C2;C3;C4;C5;C6;C7;C8;T1,0.0
sub-29_UNIT1,UNIT1,UNIT1,sub-29_UNIT1.nii.gz,0.8595018498576938,0.8667601683029453,0.7626666666666667,0.8552412645590682,0.8465116279069768,0.8945686900958466,0.8835616438356164,0.8828250401284109,0.8976377952755905,0.8530020703933747,8,2560,2431,C2;C3;C4;C5;C6;C7;C8;T1,C2;C3;C4;C5;C6;C7;C8;T1,0.0
sub-30_inv-1_part-mag_MP2RAGE,inv-1_part-mag_MP2RAGE,INV1,sub-30_inv-1_part-mag_MP2RAGE.nii.gz,0.801838823513195,0.8043093270365997,0.7845884413309983,0.837953091684435,0.7521793275217933,0.7801932367149759,0.793465577596266,0.834326579261025,0.8338081671415005,0.798196166854566,8,3428,3348,C2;C3;C4;C5;C6;C7;C8;T1,C2;C3;C4;C5;C6;C7;C8;T1,5.960464477539063e-08
sub-30_inv-2_part-mag_MP2RAGE,inv-2_part-mag_MP2RAGE,INV2,sub-30_inv-2_part-mag_MP2RAGE.nii.gz,0.811025719852794,0.8124538881510993,0.804159445407279,0.8288482238966631,0.7897310513447433,0.7821901323706378,0.7923627684964201,0.8349282296650717,0.8344370860927153,0.8215488215488216,8,3428,3349,C2;C3;C4;C5;C6;C7;C8;T1,C2;C3;C4;C5;C6;C7;C8;T1,5.960464477539063e-08
sub-30_UNIT1,UNIT1,UNIT1,sub-30_UNIT1.nii.gz,0.8044167109931848,0.8069343606460216,0.7801418439716312,0.8322440087145969,0.7410161090458488,0.7970838396111786,0.8080094228504122,0.8424821002386634,0.8330170777988615,0.8013392857142857,8,3428,3321,C2;C3;C4;C5;C6;C7;C8;T1,C2;C3;C4;C5;C6;C7;C8;T1,5.960464477539063e-08
sub-36_inv-1_part-mag_MP2RAGE,inv-1_part-mag_MP2RAGE,INV1,sub-36_inv-1_part-mag_MP2RAGE.nii.gz,0.7863421088369431,0.779843808107103,0.8123711340206186,0.8699763593380615,0.7925407925407926,0.771712158808933,0.712401055408971,0.8422360248447205,0.7968923418423973,0.6926070038910506,8,2723,2655,C2;C3;C4;C5;C6;C7;C8;T1,C2;C3;C4;C5;C6;C7;C8;T1,0.0
sub-36_inv-2_part-mag_MP2RAGE,inv-2_part-mag_MP2RAGE,INV2,sub-36_inv-2_part-mag_MP2RAGE.nii.gz,0.8123030148953732,0.8050707330516259,0.8628230616302187,0.8803827751196173,0.815668202764977,0.8038976857490865,0.7364238410596027,0.8596059113300493,0.8,0.7396226415094339,8,2723,2720,C2;C3;C4;C5;C6;C7;C8;T1,C2;C3;C4;C5;C6;C7;C8;T1,0.0
sub-36_UNIT1,UNIT1,UNIT1,sub-36_UNIT1.nii.gz,0.7985234160280428,0.7911721068249258,0.8329896907216495,0.8699763593380615,0.8148148148148148,0.7711138310893513,0.7217043941411452,0.8435544430538173,0.8081264108352144,0.7259073842302879,8,2723,2669,C2;C3;C4;C5;C6;C7;C8;T1,C2;C3;C4;C5;C6;C7;C8;T1,0.0
sub-38_inv-1_part-mag_MP2RAGE,inv-1_part-mag_MP2RAGE,INV1,sub-38_inv-1_part-mag_MP2RAGE.nii.gz,0.8247487114099127,0.8168405901403383,0.7718550106609808,0.8232662192393736,0.8874172185430463,0.8152380952380952,0.8333333333333334,0.868421052631579,0.806282722513089,0.7921760391198044,8,1441,1338,C2;C3;C4;C5;C6;C7;C8;T1,C2;C3;C4;C5;C6;C7;C8;T1,0.0
sub-38_inv-2_part-mag_MP2RAGE,inv-2_part-mag_MP2RAGE,INV2,sub-38_inv-2_part-mag_MP2RAGE.nii.gz,0.857384147987871,0.8458806818181818,0.8123711340206186,0.849438202247191,0.9163879598662207,0.8222222222222222,0.8539325842696629,0.9113924050632911,0.8571428571428571,0.8361858190709046,8,1441,1375,C2;C3;C4;C5;C6;C7;C8;T1,C2;C3;C4;C5;C6;C7;C8;T1,0.0
sub-38_UNIT1,UNIT1,UNIT1,sub-38_UNIT1.nii.gz,0.8379690050500026,0.8302023121387283,0.7861771058315334,0.8552338530066815,0.8851351351351351,0.8265682656826568,0.8651685393258427,0.8974358974358975,0.8021390374331551,0.7858942065491183,8,1441,1327,C2;C3;C4;C5;C6;C7;C8;T1,C2;C3;C4;C5;C6;C7;C8;T1,0.0
sub-39_inv-1_part-mag_MP2RAGE,inv-1_part-mag_MP2RAGE,INV1,sub-39_inv-1_part-mag_MP2RAGE.nii.gz,0.8009369445658739,0.7921225382932167,0.7734806629834254,0.8229166666666666,0.8699186991869918,0.7816091954022989,0.7854406130268199,0.8617363344051447,0.7601809954751131,0.7522123893805309,8,1620,1579,C2;C3;C4;C5;C6;C7;C8;T1,C2;C3;C4;C5;C6;C7;C8;T1,5.960464477539063e-08
sub-39_inv-2_part-mag_MP2RAGE,inv-2_part-mag_MP2RAGE,INV2,sub-39_inv-2_part-mag_MP2RAGE.nii.gz,0.8060639127989588,0.793424317617866,0.8421052631578947,0.8268733850129198,0.873015873015873,0.780952380952381,0.8036036036036036,0.8589743589743589,0.7077625570776256,0.755223880597015,8,1620,1604,C2;C3;C4;C5;C6;C7;C8;T1,C2;C3;C4;C5;C6;C7;C8;T1,5.960464477539063e-08
sub-39_UNIT1,UNIT1,UNIT1,sub-39_UNIT1.nii.gz,0.8074233068429162,0.7986348122866894,0.7872340425531915,0.8157894736842105,0.8835341365461847,0.7925407925407926,0.7819548872180451,0.8562091503267973,0.7720090293453724,0.7701149425287356,8,1620,1603,C2;C3;C4;C5;C6;C7;C8;T1,C2;C3;C4;C5;C6;C7;C8;T1,5.960464477539063e-08
sub-40_inv-1_part-mag_MP2RAGE,inv-1_part-mag_MP2RAGE,INV1,sub-40_inv-1_part-mag_MP2RAGE.nii.gz,0.8335884349382038,0.8210922787193974,0.9140271493212669,0.8098591549295775,0.8704318936877077,0.8,0.8140845070422535,0.8813008130081301,0.8263157894736842,0.7526881720430108,8,2096,2152,C2;C3;C4;C5;C6;C7;C8;T1,C2;C3;C4;C5;C6;C7;C8;T1,5.960464477539063e-08
sub-40_inv-2_part-mag_MP2RAGE,inv-2_part-mag_MP2RAGE,INV2,sub-40_inv-2_part-mag_MP2RAGE.nii.gz,0.8310979610387437,0.8112354201380624,0.9107981220657277,0.8530465949820788,0.8874172185430463,0.8114285714285714,0.8162692847124825,0.8403361344537815,0.7972602739726027,0.7322274881516587,8,2096,2105,C2;C3;C4;C5;C6;C7;C8;T1,C2;C3;C4;C5;C6;C7;C8;T1,5.960464477539063e-08
sub-40_UNIT1,UNIT1,UNIT1,sub-40_UNIT1.nii.gz,0.8439273140701549,0.8318289786223277,0.926605504587156,0.8172043010752689,0.882943143812709,0.8031189083820662,0.8376068376068376,0.8809135399673735,0.8328840970350404,0.7701421800947867,8,2096,2114,C2;C3;C4;C5;C6;C7;C8;T1,C2;C3;C4;C5;C6;C7;C8;T1,5.960464477539063e-08
sub-41_inv-1_part-mag_MP2RAGE,inv-1_part-mag_MP2RAGE,INV1,sub-41_inv-1_part-mag_MP2RAGE.nii.gz,0.8202447296538985,0.8172009382329946,0.7897435897435897,0.7947598253275109,0.8664987405541562,0.8591885441527446,0.8496042216358839,0.8423005565862709,0.7802013422818792,0.7796610169491526,8,3236,3159,C2;C3;C4;C5;C6;C7;C8;T1,C2;C3;C4;C5;C6;C7;C8;T1,5.960464477539063e-08
sub-41_inv-2_part-mag_MP2RAGE,inv-2_part-mag_MP2RAGE,INV2,sub-41_inv-2_part-mag_MP2RAGE.nii.gz,0.8329309440833541,0.8266540939808267,0.8351063829787234,0.803921568627451,0.8711340206185567,0.8501827040194885,0.8518518518518519,0.8515406162464986,0.7715481171548118,0.8281622911694511,8,3236,3127,C2;C3;C4;C5;C6;C7;C8;T1,C2;C3;C4;C5;C6;C7;C8;T1,5.960464477539063e-08
sub-41_UNIT1,UNIT1,UNIT1,sub-41_UNIT1.nii.gz,0.8253458819184558,0.8189910979228486,0.8083989501312336,0.7922497308934338,0.8883248730964467,0.8585131894484412,0.8411214953271028,0.8568720379146919,0.7658175842235004,0.7914691943127962,8,3236,3167,C2;C3;C4;C5;C6;C7;C8;T1,C2;C3;C4;C5;C6;C7;C8;T1,5.960464477539063e-08
